title,url,team,topics,score,source,tags,published_at,fetched_at,score_base,score_source_w,score_decay,score_sentiment_kicker
Late for Work: Did Cowboys Give Ravens a Framework for Isaiah Likely Contract Extension?,https://www.baltimoreravens.com/news/isaiah-likely-contract-extension-jake-ferguson-cowboys-derrick-henry-reuben-lowery,Ravens,"['Injury', 'Transaction']",4.057208342812847,https://www.baltimoreravens.com,"TEAM,Ravens",,2025-08-19 17:15:58.102862+00:00,6.5,1.4,0.41600531239701616,0.27155999999999997
"Bills RB Darrynton Evans placed on IR, sign RB Jarveon Howard and WR Grant DuBose",https://www.buffalobills.com/news/bills-rb-darrynton-evans-placed-on-ir-sign-rb-jarveon-howard-and-wr-grant-dubose,Bills,"['Injury', 'Transaction']",3.785659868476846,https://www.buffalobills.com,"TEAM,Bills",,2025-08-19 17:15:58.668115+00:00,6.5,1.4,0.4160065789534996,0.0
Bills announce this injury update on Jordan Hancock,https://www.buffalobills.com/news/bills-announce-this-injury-update-on-jordan-hancock,Bills,['Injury'],3.1864368670715204,https://www.buffalobills.com,"TEAM,Bills",,2025-08-19 17:15:58.668115+00:00,4.0,1.4,0.4160065834056287,0.8567999999999999
Bucs' McMillan out with 'severely strained neck',https://www.espn.com/nfl/story/_/id/46016094/bucs-wr-jalen-mcmillan-neck-miss-awkward-fall,Buccaneers,['Injury'],3.031159152063355,https://www.espn.com,"ESPN,NFL",,2025-08-19 17:15:55.732153+00:00,4.0,1.15,0.4159998156659468,1.1175599999999999
Corey Bullock Is This Year's Ravens-Maryland Underdog Story,https://www.baltimoreravens.com/news/corey-bullock-ravens-maryland-underdog-story-practice-squad-2025,Ravens,"['Transaction', 'DepthChart']",2.880189637173913,https://www.baltimoreravens.com,"TEAM,Ravens",,2025-08-19 17:15:58.101883+00:00,4.0,1.4,0.4160052923524845,0.5505599999999999
Falcons Mailbag: What we learned during team scrimmage,https://www.atlantafalcons.com/news/falcons-mailbag-what-we-learned-during-team-scrimmage,Falcons,['Injury'],2.8714179665077313,https://www.atlantafalcons.com,"TEAM,Falcons",,2025-08-19 17:15:57.196456+00:00,4.0,1.4,0.4160032083049521,0.5418
Vikings WR Jordan Addison suspended for Week 2 game vs Falcons,https://www.atlantafalcons.com/news/vikings-wr-jordan-addison-suspended-vs-falcons,Falcons,['Injury'],2.8132738188444844,https://www.atlantafalcons.com,"TEAM,Falcons",,2025-08-19 17:00:54.178198+00:00,4.0,1.4,0.41399889622222935,0.49488
"'No matter what, we are going to fight' | Bills players reflect after loss in Chicago",https://www.buffalobills.com/news/no-matter-what-we-are-going-to-fight-bills-players-reflect-after-loss-in-chicago,Bills,['Injury'],2.8119168545993283,https://www.buffalobills.com,"TEAM,Bills",,2025-08-19 17:15:58.668115+00:00,4.0,1.4,0.4160065811784516,0.48227999999999993
"Ravens Sign Cornerback, Place Bilhal Kone on Injured Reserve",https://www.baltimoreravens.com/news/ravens-sign-mj-devonshire-bilhal-kone-injured-reserve-transactions-2025,Ravens,['Transaction'],2.4485385232336956,https://www.baltimoreravens.com,"TEAM,Ravens",,2025-08-19 17:15:58.101883+00:00,2.5,1.4,0.4160052923524845,0.9925199999999998
"From Nigeria to the Ravens, C.J. Okoye Is Starting to Stand Out for New Reasons",https://www.baltimoreravens.com/news/cj-okoye-basil-nigeria-africa-ravens-international-pathway-program-stand-out-new-reasons-training-camp,Ravens,['Injury'],2.329629637173913,https://www.baltimoreravens.com,"TEAM,Ravens",,2025-08-19 17:15:58.101883+00:00,4.0,1.4,0.4160052923524845,0.0
Bucs Sign Veteran QB Teddy Bridgewater,https://www.buccaneers.com/news/bucs-sign-qb-teddy-bridgewater-2025,Buccaneers,"['Transaction', 'DepthChart']",2.3296238970004124,https://www.buccaneers.com,"TEAM,Buccaneers",,2025-08-19 17:15:57.656809+00:00,4.0,1.4,0.41600426732150225,0.0
Bucs Release First Depth Chart of 2025,https://www.buccaneers.com/news/bucs-release-first-depth-chart-2025,Buccaneers,"['Transaction', 'DepthChart']",2.3296238970004124,https://www.buccaneers.com,"TEAM,Buccaneers",,2025-08-19 17:15:57.656809+00:00,4.0,1.4,0.41600426732150225,0.0
How to Watch: Titans at Buccaneers | Preseason Week One,https://www.buccaneers.com/news/how-to-watch-preseason-livestream-titans-at-buccaneers,Buccaneers,['Injury'],2.3296238970004124,https://www.buccaneers.com,"TEAM,Buccaneers",,2025-08-19 17:15:57.656809+00:00,4.0,1.4,0.41600426732150225,0.0
How to Watch: Tampa Bay Buccaneers at Pittsburgh Steelers | Preseason Week Two 2025,https://www.buccaneers.com/news/how-to-watch-buccaneers-at-steelers-preseason-week-2-2025,Buccaneers,['Injury'],2.3296238970004124,https://www.buccaneers.com,"TEAM,Buccaneers",,2025-08-19 17:15:57.656809+00:00,4.0,1.4,0.41600426732150225,0.0
Falcons' second preseason depth chart released,https://www.atlantafalcons.com/news/atlanta-falcons-depth-chart-preseason-tennessee-titans,Falcons,"['Transaction', 'DepthChart']",2.3296179665077315,https://www.atlantafalcons.com,"TEAM,Falcons",,2025-08-19 17:15:57.196456+00:00,4.0,1.4,0.4160032083049521,0.0
Falcons first preseason depth chart released,https://www.atlantafalcons.com/news/depth-chart-preseason-detroit-lions,Falcons,"['Transaction', 'DepthChart']",2.3296179665077315,https://www.atlantafalcons.com,"TEAM,Falcons",,2025-08-19 17:15:57.196456+00:00,4.0,1.4,0.4160032083049521,0.0
Movers and shakers of Falcons first preseason game vs. Detroit Lions,https://www.atlantafalcons.com/news/movers-shakers-falcons-first-preseason-game-vs-detroit-lions,Falcons,['Injury'],2.3296179665077315,https://www.atlantafalcons.com,"TEAM,Falcons",,2025-08-19 17:15:57.196456+00:00,4.0,1.4,0.4160032083049521,0.0
Five Things to Know about Saints offensive lineman Luke Fortner,https://www.neworleanssaints.com/news/luke-fortner-offensive-lineman-new-orleans-saints-roster-nfl-2025-jacksonville-jaguars-kentucky-wildcats-five-things-to-know,Saints,['Transaction'],2.3180884239399515,https://www.neworleanssaints.com,"TEAM,Saints",,2025-08-19 17:15:56.851863+00:00,2.5,1.4,0.41600240683998607,0.8620800000000001
Around the AFC North: Steelers Sign Another Former Ravens Defender,https://www.baltimoreravens.com/news/steelers-sign-chuck-clark-shemar-stewart-training-camp-bengals-trey-hendrickson-shedeur-sanders-reps,Ravens,['Transaction'],2.2729785779862604,https://www.baltimoreravens.com,"TEAM,Ravens",,2025-08-19 17:15:58.101883+00:00,2.5,1.4,0.4160053079960744,0.8169599999999999
"Bucs Add Michael Jordan, Tyler McLellan to O-Line Corps",https://www.buccaneers.com/news/bucs-add-michael-jordan-tyler-mclellan-o-line-corps,Buccaneers,['Transaction'],2.00657505730944,https://www.buccaneers.com,"TEAM,Buccaneers",,2025-08-19 17:15:57.656809+00:00,2.5,1.4,0.4160043020884115,0.5505599999999999
Banged-Up Bucs add Jacob Harris to Receiving Corps,https://www.buccaneers.com/news/banged-up-bucs-add-jacob-harris-receiving-corps-2025,Buccaneers,['Transaction'],1.93829505730944,https://www.buccaneers.com,"TEAM,Buccaneers",,2025-08-19 17:15:57.656809+00:00,2.5,1.4,0.4160043020884115,0.48227999999999993
Preseason Rankings Countdown. 4 days to the start of the 2025 Season. At #4 – Georgia,https://www.reddit.com/r/CFB/comments/1muisqz/preseason_rankings_countdown_4_days_to_the_start/,Georgia,"['Injury', 'DepthChart']",1.6016054943606968,https://www.reddit.com,"Reddit,CFB",,2025-08-19 17:15:56.423296+00:00,5.5,0.7,0.41600142710667454,0.0
Falcons sign veteran safety and center,https://www.atlantafalcons.com/news/ronnie-harrison-safety-signed-transaction,Falcons,['Transaction'],1.4869712290673325,https://www.atlantafalcons.com,"TEAM,Falcons",,2025-08-19 17:15:57.196456+00:00,2.5,1.4,0.4160032083049521,0.030959999999999998
Bills sign DE Nelson Ceaser,https://www.buffalobills.com/news/bills-sign-de-nelson-ceaser,Bills,['Transaction'],1.4560230574865773,https://www.buffalobills.com,"TEAM,Bills",,2025-08-19 17:15:58.669115+00:00,2.5,1.4,0.4160065878533078,0.0
Patriots Sign RB Micah Bernard and DT Philip Blidi; Release CB Tre Avery and DE Jereme Robinson,https://www.patriots.com/news/patriots-sign-rb-micah-bernard-and-dt-philip-blidi-release-cb-tre-avery-and-de-jereme-robinson,Patriots,['Transaction'],1.4560208214726098,https://www.patriots.com,"TEAM,Patriots",,2025-08-19 17:15:58.375096+00:00,2.5,1.4,0.41600594899217425,0.0
Patriots Make Roster Moves,https://www.patriots.com/news/patriots-make-roster-moves-x1251,Patriots,['Transaction'],1.4560207367232043,https://www.patriots.com,"TEAM,Patriots",,2025-08-19 17:15:58.375096+00:00,2.5,1.4,0.41600592477805837,0.0
50 Words or Less: Ravens Are in Good Shape With This Leadership Group,https://www.baltimoreravens.com/news/ravens-leaders-lamar-jackson-roquan-smith-marlon-humphrey-zay-flowers-50-words-or-less-2025,Ravens,['Transaction'],1.456018562403856,https://www.baltimoreravens.com,"TEAM,Ravens",,2025-08-19 17:15:58.101883+00:00,2.5,1.4,0.41600530354395887,0.0
Ravens Bring Back Brent Urban Again,https://www.baltimoreravens.com/news/brent-urban-signs-ravens-again-bring-back-defensive-line-2025,Ravens,['Transaction'],1.456018562403856,https://www.baltimoreravens.com,"TEAM,Ravens",,2025-08-19 17:15:58.101883+00:00,2.5,1.4,0.41600530354395887,0.0
Late for Work: Ravens Named 'Obvious Candidate' if Cowboys Trade Micah Parsons,https://www.baltimoreravens.com/news/micah-parsons-ravens-trade-candidate-lamar-jackson-kyle-hamilton-nfl-top-100,Ravens,['Transaction'],1.4560185546321225,https://www.baltimoreravens.com,"TEAM,Ravens",,2025-08-19 17:15:58.101883+00:00,2.5,1.4,0.4160053013234636,0.0
Ravens Sign Veteran Defensive Back,https://www.baltimoreravens.com/news/thomas-graham-ravens-sign-transactions-cornerback-2025,Ravens,['Transaction'],1.4560185232336957,https://www.baltimoreravens.com,"TEAM,Ravens",,2025-08-19 17:15:58.101883+00:00,2.5,1.4,0.4160052923524845,0.0
Ravens Sign Veteran Running Back Myles Gaskin,https://www.baltimoreravens.com/news/ravens-sign-myles-gaskin-running-back-training-camp-2025,Ravens,['Transaction'],1.4560185232336957,https://www.baltimoreravens.com,"TEAM,Ravens",,2025-08-19 17:15:58.101883+00:00,2.5,1.4,0.4160052923524845,0.0
"Bucs Sign CB Benjamin Morrison, Wrap Up Rookie Deals",https://www.buccaneers.com/news/bucs-sign-cb-benjamin-morrison-wrap-2025-rookie-deals,Buccaneers,['Transaction'],1.4560150573094401,https://www.buccaneers.com,"TEAM,Buccaneers",,2025-08-19 17:15:57.656809+00:00,2.5,1.4,0.4160043020884115,0.0
"Bucs Add WR Jaden Smith, RB Owen Wright",https://www.buccaneers.com/news/bucs-add-wr-jaden-smith-rb-owen-wright,Buccaneers,['Transaction'],1.4560150573094401,https://www.buccaneers.com,"TEAM,Buccaneers",,2025-08-19 17:15:57.656809+00:00,2.5,1.4,0.4160043020884115,0.0
"Bucs Sign CB JayVian Farr, RB Jase McClellan",https://www.buccaneers.com/news/bucs-sign-cb-jayvian-farr-rb-jase-mcclellan,Buccaneers,['Transaction'],1.4560149356252579,https://www.buccaneers.com,"TEAM,Buccaneers",,2025-08-19 17:15:57.656809+00:00,2.5,1.4,0.41600426732150225,0.0
"J.J. Roberts Lands on Injured Reserve, Bucs Add S Will Brooks",https://www.buccaneers.com/news/jj-roberts-lands-injured-reserve-bucs-add-s-will-brooks,Buccaneers,['Transaction'],1.4560149349321896,https://www.buccaneers.com,"TEAM,Buccaneers",,2025-08-19 17:15:57.656720+00:00,2.5,1.4,0.41600426712348276,0.0
Falcons sign C.J. Henderson,https://www.atlantafalcons.com/news/cj-henderson-cornerback-signed-transacation,Falcons,['Transaction'],1.456011228327542,https://www.atlantafalcons.com,"TEAM,Falcons",,2025-08-19 17:15:57.196361+00:00,2.5,1.4,0.41600320809358343,0.0
Falcons sign quarterback Ben DiNucci before final preseason game,https://www.atlantafalcons.com/news/qb-ben-dinucci-signed-dj-chark-emory-jones,Falcons,['Transaction'],1.4560112276811983,https://www.atlantafalcons.com,"TEAM,Falcons",,2025-08-19 17:15:57.196278+00:00,2.5,1.4,0.4160032079089138,0.0
Falcons sign edge rusher Ronnie Perkins,https://www.atlantafalcons.com/news/report-falcons-sign-edge-rusher-ronnie-perkins,Falcons,['Transaction'],1.4560112276811983,https://www.atlantafalcons.com,"TEAM,Falcons",,2025-08-19 17:15:57.196278+00:00,2.5,1.4,0.4160032079089138,0.0
Five Things to Know about Saints defensive end Jeremiah Martin,https://www.neworleanssaints.com/news/jeremiah-martin-defensive-end-new-orleans-saints-roster-nfl-2025-five-things-to-know-cleveland-browns-washington,Saints,['Transaction'],1.4560085456313763,https://www.neworleanssaints.com,"TEAM,Saints",,2025-08-19 17:15:56.851863+00:00,2.5,1.4,0.41600244160896466,0.0
Morning Break: Saints shuffle defensive line in trade with Jaguars,https://www.neworleanssaints.com/news/morning-break-saints-shuffle-defensive-line-jaguars-trade-khalen-saunders-luke-fortner-new-orleans-news-headlines-8-19-2025,Saints,['Transaction'],1.4560084239399513,https://www.neworleanssaints.com,"TEAM,Saints",,2025-08-19 17:15:56.851863+00:00,2.5,1.4,0.41600240683998607,0.0
New Orleans Saints acquire OL Luke Fortner from Jaguars in exchange for DT Khalen Saunders,https://www.neworleanssaints.com/news/luke-fortner-center-new-orleans-saints-roster-moves-transactions-august-18-2025,Saints,['Transaction'],1.4560084239399513,https://www.neworleanssaints.com,"TEAM,Saints",,2025-08-19 17:15:56.851863+00:00,2.5,1.4,0.41600240683998607,0.0
Gators QB Lagway takes first reps of fall camp,https://www.espn.com/college-football/story/_/id/46011182/florida-qb-dj-lagway-takes-another-step-returning-strained-left-calf,Florida,['Transaction'],1.1960006571721487,https://www.espn.com,"ESPN,CFB",,2025-08-19 17:15:55.916739+00:00,2.5,1.15,0.41600022858161695,0.0
[Thamel] Source: Cal has named true freshman Jaron-Keawe Sagapolutele as the starting quarterback. He beat out Ohio State transfer Devin Brown.,https://www.reddit.com/r/CFB/comments/1mtufn1/thamel_source_cal_has_named_true_freshman/,Ohio State,['Injury'],1.160978754749222,https://www.reddit.com,"Reddit,CFB",,2025-08-19 17:05:41.376844+00:00,4.0,0.7,0.41463526955329366,0.0
Late for Work: Will the Ravens Make History as First Team to Three-Peat the AFC North?,https://www.baltimoreravens.com/news/ravens-afc-north-division-winners-marcus-williams-takes-blame-trenton-simpson-michael-teddye-buchanan,Ravens,['DepthChart'],0.8736111653738315,https://www.baltimoreravens.com,"TEAM,Ravens",,2025-08-19 17:15:58.102862+00:00,1.5,1.4,0.4160053168446818,0.0
Eight Takeaways From Ravens' First Depth Chart of 2025 Season,https://www.baltimoreravens.com/news/takeaways-ravens-depth-chart-2025-season,Ravens,['DepthChart'],0.8736111327792734,https://www.baltimoreravens.com,"TEAM,Ravens",,2025-08-19 17:15:58.101883+00:00,1.5,1.4,0.4160053013234636,0.0
50 Words or Less: Ravens' Young Pass Rushers Are Hungry to Feast on Quarterbacks,https://www.baltimoreravens.com/news/mike-green-adisa-isaac-david-ojabo-rasheen-ali-keaton-mitchell-preseason-opener-ravens-colts-2025,Ravens,['DepthChart'],0.8736111139402173,https://www.baltimoreravens.com,"TEAM,Ravens",,2025-08-19 17:15:58.101883+00:00,1.5,1.4,0.4160052923524845,0.0
"Bucs' Offense Starts, Finishes Strong in Practice with Steelers",https://www.buccaneers.com/news/bucs-offense-starts-finishes-strong-practice-steelers-2025,Buccaneers,['DepthChart'],0.8736089613751545,https://www.buccaneers.com,"TEAM,Buccaneers",,2025-08-19 17:15:57.656809+00:00,1.5,1.4,0.41600426732150225,0.0
University of Alabama Grants Unprecedented Access to Crimson Tide for New Docuseries “The Tides That Bind”,https://rolltide.com/news/2025/2/18/football-university-of-alabama-grants-unprecedented-access-to-crimson-tide-for-new-docuseries-the-tides-that-bind,Alabama,[],0.0,https://rolltide.com,"TEAM,Alabama",,2025-08-19 17:16:00.941862+00:00,0.0,1.0,1.0,0.0
Football Players Impress at Alabama’s 2025 Pro Day,https://rolltide.com/news/2025/3/19/football-players-impress-at-alabamas-2025-pro-day,Alabama,[],0.0,https://rolltide.com,"TEAM,Alabama",,2025-08-19 17:16:00.941862+00:00,0.0,1.0,1.0,0.0
Alabama Football to Host 2025 Clinic of Champions,https://rolltide.com/news/2025/3/6/alabama-football-to-host-2025-clinic-of-champions,Alabama,[],0.0,https://rolltide.com,"TEAM,Alabama",,2025-08-19 17:16:00.941862+00:00,0.0,1.0,1.0,0.0
2025 Georgia Football Media Guide,https://georgiadogs.com/news/2025/7/30/2025-georgia-football-media-guide,Georgia,[],0.0,https://georgiadogs.com,"TEAM,Georgia",,2025-08-19 17:16:02.464875+00:00,0.0,1.0,1.0,0.0
Five Georgia Student-Athletes Selected for SEC Student-Athlete Leadership Council,https://georgiadogs.com/news/2025/7/17/general-five-georgia-student-athletes-selected-for-sec-student-athlete-leadership-council,Georgia,[],0.0,https://georgiadogs.com,"TEAM,Georgia",,2025-08-19 17:16:02.464875+00:00,0.0,1.0,1.0,0.0
Trio Of UGA Athletics Reps Among UGA’s 40 Under 40,https://georgiadogs.com/news/2025/7/16/mens-basketball-trio-of-uga-athletics-reps-among-ugas-40-under-40,Georgia,[],0.0,https://georgiadogs.com,"TEAM,Georgia",,2025-08-19 17:16:02.464875+00:00,0.0,1.0,1.0,0.0
Former Georgia Football Letterman Josh Brock Named New Color Analyst for Georgia Bulldogs Sports Network,https://georgiadogs.com/news/2025/7/14/former-georgia-football-letterman-josh-brock-named-new-color-analyst-for-georgia-bulldogs-sports-network,Georgia,[],0.0,https://georgiadogs.com,"TEAM,Georgia",,2025-08-19 17:16:02.464875+00:00,0.0,1.0,1.0,0.0
Georgia Athletics and Dugas-Jackson Consulting Partner with Does Entertainment for Live Between the Hedges Concert Series,https://georgiadogs.com/news/2025/7/2/football-georgia-athletics-and-dugas-jackson-consulting-partner-with-does-entertainment-for-live-between-the-hedges-concert-series,Georgia,[],0.0,https://georgiadogs.com,"TEAM,Georgia",,2025-08-19 17:16:02.464875+00:00,0.0,1.0,1.0,0.0
"Georgia Takes Over SEC Network Wednesday, July 2",https://georgiadogs.com/news/2025/6/29/football-georgia-takes-over-the-sec-network-on-wednesday-july-2nd,Georgia,[],0.0,https://georgiadogs.com,"TEAM,Georgia",,2025-08-19 17:16:02.464875+00:00,0.0,1.0,1.0,0.0
Scott Howard Named To Friends Of Georgia Radio Hall Of Fame,https://georgiadogs.com/news/2025/6/18/football-scott-howard-named-to-friends-of-georgia-radio-hall-of-fame,Georgia,[],0.0,https://georgiadogs.com,"TEAM,Georgia",,2025-08-19 17:16:02.464875+00:00,0.0,1.0,1.0,0.0
Bulldogs Featured In First AMB Sports and Entertainment Annual College Football Series,https://georgiadogs.com/news/2025/6/4/bulldogs-featured-in-first-amb-sports-and-entertainment-annual-college-football-series,Georgia,[],0.0,https://georgiadogs.com,"TEAM,Georgia",,2025-08-19 17:16:02.464875+00:00,0.0,1.0,1.0,0.0
Two Bulldogs Named To 2025 NFF Hampshire Honor Society,https://georgiadogs.com/news/2025/4/29/football-two-bulldogs-named-to-2025-nff-hampshire-honor-society,Georgia,[],0.0,https://georgiadogs.com,"TEAM,Georgia",,2025-08-19 17:16:02.464875+00:00,0.0,1.0,1.0,0.0
Seven Bulldogs Selected on Final Day of NFL Draft,https://georgiadogs.com/news/2025/4/26/football-seven-bulldogs-selected-on-final-day-of-nfl-draft,Georgia,[],0.0,https://georgiadogs.com,"TEAM,Georgia",,2025-08-19 17:16:02.464875+00:00,0.0,1.0,1.0,0.0
Three Bulldogs Taken In The 2025 NFL Draft’s First Round,https://georgiadogs.com/news/2025/4/24/football-three-bulldogs-taken-in-the-2025-nfl-drafts-first-round,Georgia,[],0.0,https://georgiadogs.com,"TEAM,Georgia",,2025-08-19 17:16:02.464875+00:00,0.0,1.0,1.0,0.0
Follow the Georgia Bulldogs NFL Draft Board,https://georgiadogs.com/news/2025/4/23/football-follow-the-georgia-bulldogs-nfl-draft-board,Georgia,[],0.0,https://georgiadogs.com,"TEAM,Georgia",,2025-08-19 17:16:02.464875+00:00,0.0,1.0,1.0,0.0
Gamecocks Sell Out of Football Season Tickets,https://gamecocksonline.com/news/2025/08/18/gamecocks-sell-out-of-football-season-tickets/,South Carolina,[],0.0,https://gamecocksonline.com,"TEAM,South Carolina",,2025-08-19 17:16:03.209616+00:00,0.0,1.0,1.0,0.0
‘Hungry’ Bulldogs Get To Work,https://georgiadogs.com/news/2025/7/31/football-hungry-bulldogs-get-to-work,Georgia,[],0.0,https://georgiadogs.com,"TEAM,Georgia",,2025-08-19 17:16:02.464875+00:00,0.0,1.0,1.0,0.0
Ryan Grubb Officially Added to Crimson Tide Football Coaching Staff,https://rolltide.com/news/2025/2/6/ryan-grubb-officially-added-to-crimson-tide-football-coaching-staff,Alabama,[],0.0,https://rolltide.com,"TEAM,Alabama",,2025-08-19 17:16:00.941862+00:00,0.0,1.0,1.0,0.0
Smart Foundation Making An Impact Across Georgia,https://georgiadogs.com/news/2025/8/6/football-smart-foundation-making-an-impact-across-georgia,Georgia,[],0.0,https://georgiadogs.com,"TEAM,Georgia",,2025-08-19 17:16:02.464875+00:00,0.0,1.0,1.0,0.0
"Alabama Football’s Brailsford, Proctor, Roberts Named to Outland Trophy Watch List",https://rolltide.com/news/2025/7/29/alabama-footballs-brailsford-proctor-roberts-named-to-outland-trophy-watch-list,Alabama,[],0.0,https://rolltide.com,"TEAM,Alabama",,2025-08-19 17:16:00.941514+00:00,0.0,1.0,1.0,0.0
"Alabama Football’s Keenan III, Lawson, Overton Land on Nagurski Trophy Watch List",https://rolltide.com/news/2025/7/29/alabama-footballs-keenan-iii-lawson-overton-land-on-nagurski-trophy-watch-list,Alabama,[],0.0,https://rolltide.com,"TEAM,Alabama",,2025-08-19 17:16:00.941514+00:00,0.0,1.0,1.0,0.0
Alabama Football’s Williams Named to Maxwell Award Preseason Watch List,https://rolltide.com/news/2025/7/28/alabama-footballs-williams-named-to-maxwell-award-preseason-watch-list,Alabama,[],0.0,https://rolltide.com,"TEAM,Alabama",,2025-08-19 17:16:00.941514+00:00,0.0,1.0,1.0,0.0
Alabama Football Earns 11 Spots on 2025 Preseason All-SEC Teams,https://rolltide.com/news/2025/7/18/alabama-football-earns-11-spots-on-2025-preseason-all-sec-teams,Alabama,[],0.0,https://rolltide.com,"TEAM,Alabama",,2025-08-19 17:16:00.941514+00:00,0.0,1.0,1.0,0.0
LSU Puts on Full Pads for First Time in Camp,https://lsusports.net/news/2025/08/05/lsu-puts-on-full-pads-for-first-time-in-camp/,LSU,[],0.0,https://lsusports.net,"TEAM,LSU",,2025-08-19 17:15:59.511101+00:00,0.0,1.0,1.0,0.0
"Alabama Football’s Jefferson, Lawson Named to Butkus Award Watch List",https://rolltide.com/news/2025/7/30/alabama-footballs-jefferson-lawson-named-to-butkus-award-watch-list,Alabama,[],0.0,https://rolltide.com,"TEAM,Alabama",,2025-08-19 17:16:00.941514+00:00,0.0,1.0,1.0,0.0
Alabama Football’s LT Overton Named to Wuerffel Trophy Watch List,https://rolltide.com/news/2025/7/31/alabama-footballs-lt-overton-named-to-wuerffel-trophy-watch-list,Alabama,[],0.0,https://rolltide.com,"TEAM,Alabama",,2025-08-19 17:16:00.941514+00:00,0.0,1.0,1.0,0.0
Crimson Tide in the NFL: Super Bowl,https://rolltide.com/news/2025/2/9/football-crimson-tide-in-the-nfl-super-bowl,Alabama,[],0.0,https://rolltide.com,"TEAM,Alabama",,2025-08-19 17:16:00.941862+00:00,0.0,1.0,1.0,0.0
Former Alabama Quarterback Jalen Milroe Selected on Day Two of 2025 NFL Draft,https://rolltide.com/news/2025/4/25/football-former-alabama-quarterback-jalen-milroe-selected-on-day-two-of-2025-nfl-draft,Alabama,[],0.0,https://rolltide.com,"TEAM,Alabama",,2025-08-19 17:16:00.941862+00:00,0.0,1.0,1.0,0.0
Four Crimson Tide Football Players Selected on Final Day of 2025 NFL Draft,https://rolltide.com/news/2025/4/26/four-crimson-tide-football-players-selected-on-final-day-of-2025-nfl-draft,Alabama,[],0.0,https://rolltide.com,"TEAM,Alabama",,2025-08-19 17:16:00.941862+00:00,0.0,1.0,1.0,0.0
"Crimson Tide's Game Times, Networks Announced for 2025 Football Season",https://rolltide.com/news/2025/6/11/crimson-tides-game-times-networks-announced-for-2025-football-season,Alabama,[],0.0,https://rolltide.com,"TEAM,Alabama",,2025-08-19 17:16:00.941862+00:00,0.0,1.0,1.0,0.0
Alabama Participates at 2025 SEC Football Kickoff Media Days,https://rolltide.com/news/2025/7/16/alabama-participates-at-2025-sec-football-kickoff-media-days,Alabama,[],0.0,https://rolltide.com,"TEAM,Alabama",,2025-08-19 17:16:00.941514+00:00,0.0,1.0,1.0,0.0
Gamecocks in the Trenches Working Hard to Keep QB Clean,https://gamecocksonline.com/news/2025/08/07/gamecocks-in-the-trenches-working-hard-to-keep-qb-clean/,South Carolina,[],0.0,https://gamecocksonline.com,"TEAM,South Carolina",,2025-08-19 17:16:03.210716+00:00,0.0,1.0,1.0,0.0
Gamecocks Ranked 13th in AP Preseason Poll,https://gamecocksonline.com/news/2025/08/11/gamecocks-ranked-13th-in-ap-preseason-poll/,South Carolina,[],0.0,https://gamecocksonline.com,"TEAM,South Carolina",,2025-08-19 17:16:03.210716+00:00,0.0,1.0,1.0,0.0
Blanchard Machinery’s Commitment Will Help Build a Stronger South Carolina,https://gamecocksonline.com/news/2025/08/11/blanchard-machinerys-commitment-will-help-build-a-stronger-south-carolina/,South Carolina,[],0.0,https://gamecocksonline.com,"TEAM,South Carolina",,2025-08-19 17:16:03.210716+00:00,0.0,1.0,1.0,0.0
Atlanta Falcons 2025 Fantasy Football Draft Guide,https://www.atlantafalcons.com/news/atlanta-falcons-2025-fantasy-football-draft-guide,Falcons,[],0.0,https://www.atlantafalcons.com,"TEAM,Falcons",,2025-08-19 17:15:57.195278+00:00,0.0,1.0,1.0,0.0
Late for Work: Mike Green Draws Comparison to Ravens' Single-Season Sack Leader,https://www.baltimoreravens.com/news/mike-green-ravens-elvis-dumervil-lajohntay-wester-keaton-mitchell-preseason,Ravens,[],0.0,https://www.baltimoreravens.com,"TEAM,Ravens",,2025-08-19 17:15:58.101883+00:00,0.0,1.0,1.0,0.0
"Game Recap: Keaton Mitchell, Return Game Spur Ravens' Preseason Win Over Colts",https://www.baltimoreravens.com/news/keaton-mitchell-lajohntay-wester-ravens-colts-preseason-recap,Ravens,[],0.0,https://www.baltimoreravens.com,"TEAM,Ravens",,2025-08-19 17:15:58.101883+00:00,0.0,1.0,1.0,0.0
Stock Report: Ravens vs. Colts Preseason Opener,https://www.baltimoreravens.com/news/ravens-stock-report-preseason-colts-lajohntay-wester-keaton-mitchell-2025,Ravens,[],0.0,https://www.baltimoreravens.com,"TEAM,Ravens",,2025-08-19 17:15:58.101883+00:00,0.0,1.0,1.0,0.0
"How to Watch, Listen, Live Stream Ravens vs. Colts, Preseason Week 1",https://www.baltimoreravens.com/news/ravens-colts-watch-listen-live-stream-preseason-week-1-nfl,Ravens,[],0.0,https://www.baltimoreravens.com,"TEAM,Ravens",,2025-08-19 17:15:58.101883+00:00,0.0,1.0,1.0,0.0
Late for Work: Ravens Are Using a Unique Approach to Solve Turnover Problem in Playoffs,https://www.baltimoreravens.com/news/john-harbaugh-ravens-turnover-problem-defense-elite-rashod-bateman-breakout-role,Ravens,[],0.0,https://www.baltimoreravens.com,"TEAM,Ravens",,2025-08-19 17:15:58.101883+00:00,0.0,1.0,1.0,0.0
Everything You Need to Know: Ravens vs. Colts,https://www.baltimoreravens.com/news/everything-you-need-to-know-colts-ravens-2025-preseason,Ravens,[],0.0,https://www.baltimoreravens.com,"TEAM,Ravens",,2025-08-19 17:15:58.101883+00:00,0.0,1.0,1.0,0.0
News & Notes: Ravens Place Significant Value on Upcoming Joint Practice vs. Colts,https://www.baltimoreravens.com/news/ravens-value-joint-practice-colts-zach-orr-patrick-ricard-todd-monken-2025,Ravens,[],0.0,https://www.baltimoreravens.com,"TEAM,Ravens",,2025-08-19 17:15:58.101883+00:00,0.0,1.0,1.0,0.0
Marlon Humphrey's Alabama Football Documentary Releases This Week,https://www.baltimoreravens.com/news/marlon-humphrey-ravens-alabama-football-documentary-nick-saban-bear-bryant,Alabama,[],0.0,https://www.baltimoreravens.com,"TEAM,Ravens",,2025-08-19 17:15:58.101883+00:00,0.0,1.0,1.0,0.0
News & Notes: Malaki Starks Reminds Zach Orr of a Former Ravens Pro Bowler,https://www.baltimoreravens.com/news/news-notes-malaki-starks-reminds-zach-orr-of-a-former-ravens-pro-bowler,Ravens,[],0.0,https://www.baltimoreravens.com,"TEAM,Ravens",,2025-08-19 17:15:58.101883+00:00,0.0,1.0,1.0,0.0
Michael Phelps Agrees to Teach Ravens Players How to Swim,https://www.baltimoreravens.com/news/ravens-michael-phelps-teach-to-swim-olympian-2025,Ravens,[],0.0,https://www.baltimoreravens.com,"TEAM,Ravens",,2025-08-19 17:15:58.101883+00:00,0.0,1.0,1.0,0.0
"Ravens Are the Best Team in 'Madden 26,' Plus More Ratings Takeaways",https://www.baltimoreravens.com/news/ravens-madden-26-ratings-takeaways-lamar-jackson-derrick-henry-kyle-hamilton,Ravens,[],0.0,https://www.baltimoreravens.com,"TEAM,Ravens",,2025-08-19 17:15:58.101883+00:00,0.0,1.0,1.0,0.0
Love at First Sight: Jaire Alexander and Ravens Are Already a Perfect Fit,https://www.baltimoreravens.com/news/jaire-alexander-ravens-perfect-fit-love-at-first-sight,Ravens,[],0.0,https://www.baltimoreravens.com,"TEAM,Ravens",,2025-08-19 17:15:58.102862+00:00,0.0,1.0,1.0,0.0
News & Notes: Zach Orr Says Ravens Defense Is 'Light Years Ahead' of Last Year,https://www.baltimoreravens.com/news/zach-orr-light-years-ahead-ravens-defense-todd-monken-faster-start-returner-keaton-mitchell,Ravens,[],0.0,https://www.baltimoreravens.com,"TEAM,Ravens",,2025-08-19 17:15:58.102862+00:00,0.0,1.0,1.0,0.0
50 Words or Less: Ravens Have Started Training Camp in Shape and in Sync,https://www.baltimoreravens.com/news/ravens-training-camp-start-in-shape-sync-keaton-mitchell-odafe-oweh-jaire-alexander-nate-wiggins-marlon-humphrey,Ravens,[],0.0,https://www.baltimoreravens.com,"TEAM,Ravens",,2025-08-19 17:15:58.102862+00:00,0.0,1.0,1.0,0.0
News & Notes: Isaiah Likely Suffers Ankle Injury at Ravens Practice,https://www.baltimoreravens.com/news/isaiah-likely-ankle-injury-ravens-training-camp-practice,Ravens,[],0.0,https://www.baltimoreravens.com,"TEAM,Ravens",,2025-08-19 17:15:58.101883+00:00,0.0,1.0,1.0,0.0
Ravens Hire Former Referee to Help With Penalties,https://www.baltimoreravens.com/news/ravens-hire-former-referee-tony-michalek-help-penalties,Ravens,[],0.0,https://www.baltimoreravens.com,"TEAM,Ravens",,2025-08-19 17:15:58.101883+00:00,0.0,1.0,1.0,0.0
How to Watch/Listen: Patriots at Giants,https://www.patriots.com/news/how-to-watch-listen-patriots-at-giants-x5989,Patriots,[],0.0,https://www.patriots.com,"TEAM,Patriots",,2025-08-19 17:15:58.375096+00:00,0.0,1.0,1.0,0.0
Late for Work: Pundit Includes Ravens Among Teams Facing Most Pressure in 2025,https://www.baltimoreravens.com/news/ravens-facing-most-pressure-cj-mosley-lamar-jackson-kyle-hamilton-malaki-starks,Ravens,[],0.0,https://www.baltimoreravens.com,"TEAM,Ravens",,2025-08-19 17:15:58.102862+00:00,0.0,1.0,1.0,0.0
Late for Work: ESPN Analysts Say Ravens Have NFL's Best Roster,https://www.baltimoreravens.com/news/ravens-best-starting-lineup-espn-lamar-jackson-derrick-henry,Ravens,[],0.0,https://www.baltimoreravens.com,"TEAM,Ravens",,2025-08-19 17:15:58.102862+00:00,0.0,1.0,1.0,0.0
Five Camp Questions: Can the Ravens Special Teams Return to Being Special?,https://www.baltimoreravens.com/news/tyler-loop-john-hoyland-lahjohtay-wester-keaton-mitchell-jordan-stout-justin-tucker-training-camp-questions-2025,Ravens,[],0.0,https://www.baltimoreravens.com,"TEAM,Ravens",,2025-08-19 17:15:58.102862+00:00,0.0,1.0,1.0,0.0
Everything You Need to Know About Ravens Training Camp,https://www.baltimoreravens.com/news/ravens-2025-training-camp-fans-under-armour-stadium-practice-lamar-jackson-jaire-alexander-deandre-hopkins,Ravens,[],0.0,https://www.baltimoreravens.com,"TEAM,Ravens",,2025-08-19 17:15:58.102862+00:00,0.0,1.0,1.0,0.0
Ravens Feel Ready to Handle Lofty Expectations for 2025,https://www.baltimoreravens.com/news/ronnie-stanley-mark-andrews-nnamdi-madubuike-ravens-handle-lofty-expectations-training-camp,Ravens,[],0.0,https://www.baltimoreravens.com,"TEAM,Ravens",,2025-08-19 17:15:58.102862+00:00,0.0,1.0,1.0,0.0
News & Notes: Mark Andrews Talks About His Ravens Contract Future,https://www.baltimoreravens.com/news/mark-andrews-contract-ravens-future-buffalo-bills-rematch-ronnie-stanley-jay-glazer-nnamdi-madubuike,Ravens,[],0.0,https://www.baltimoreravens.com,"TEAM,Ravens",,2025-08-19 17:15:58.102862+00:00,0.0,1.0,1.0,0.0
Alabama Football’s Ryan Williams Selected to Paul Hornung Award Watch List,https://rolltide.com/news/2025/7/31/alabama-footballs-ryan-williams-selected-to-paul-hornung-award-watch-list,Alabama,[],0.0,https://rolltide.com,"TEAM,Alabama",,2025-08-19 17:16:00.941514+00:00,0.0,1.0,1.0,0.0
"How to watch, stream & listen | Bills at Bears | 2025 Preseason Week 2",https://www.buffalobills.com/news/how-to-watch-stream-listen-bills-at-bears-2025-preseason-week-2,Bills,[],0.0,https://www.buffalobills.com,"TEAM,Bills",,2025-08-19 17:15:58.668115+00:00,0.0,1.0,1.0,0.0
Bills practice notes | Top 3 things to know from Aug. 15 joint practice vs. Chicago Bears,https://www.buffalobills.com/news/bills-practice-notes-top-3-things-to-know-from-aug-15-joint-practice-vs-chicago-bears,Bills,[],0.0,https://www.buffalobills.com,"TEAM,Bills",,2025-08-19 17:15:58.669115+00:00,0.0,1.0,1.0,0.0
"Bills Foundation awards major grants to Buffalo Prep, No Kid Hungry and Massachusetts Avenue Project to address food insecurity",https://www.buffalobills.com/news/bills-foundation-awards-major-grants-to-buffalo-prep-no-kid-hungry-and-massachusetts-avenue-project-to-address-food-insecurity,Bills,[],0.0,https://www.buffalobills.com,"TEAM,Bills",,2025-08-19 17:15:58.669115+00:00,0.0,1.0,1.0,0.0
5 players to watch in Bills at Bears | 2025 Preseason Week 2,https://www.buffalobills.com/news/5-players-to-watch-in-bills-vs-bears-2025-preseason-week-2,Bills,[],0.0,https://www.buffalobills.com,"TEAM,Bills",,2025-08-19 17:15:58.668115+00:00,0.0,1.0,1.0,0.0
Top 3 things we learned from Bills at Bears | 2025 Preseason Week 2,https://www.buffalobills.com/news/top-3-things-we-learned-from-bills-at-bears-2025-preseason-week-2,Bills,[],0.0,https://www.buffalobills.com,"TEAM,Bills",,2025-08-19 17:15:58.668115+00:00,0.0,1.0,1.0,0.0
"Bears 38, Bills 0 | Final score, game highlights, key stats | Preseason Week 2",https://www.buffalobills.com/news/bears-38-bills-0-final-score-game-highlights-key-stats-preseason-week-2,Bills,[],0.0,https://www.buffalobills.com,"TEAM,Bills",,2025-08-19 17:15:58.668115+00:00,0.0,1.0,1.0,0.0
"After Further Review: Breaking Down QB Drake Maye, Patriots Rookies and More in Win Over the Vikings",https://www.patriots.com/news/after-further-review-breaking-down-qb-drake-maye-patriots-rookies-and-more-in-win-over-the-vikings,Patriots,[],0.0,https://www.patriots.com,"TEAM,Patriots",,2025-08-19 17:00:55.417158+00:00,0.0,1.0,1.0,0.0
Game Preview: Patriots at Giants,https://www.patriots.com/news/game-preview-patriots-at-giants-x0617,Patriots,[],0.0,https://www.patriots.com,"TEAM,Patriots",,2025-08-19 17:15:58.375096+00:00,0.0,1.0,1.0,0.0
Two Former Alabama Football Players Selected on Night One of 2025 NFL Draft,https://rolltide.com/news/2025/4/24/two-former-alabama-football-players-selected-on-night-one-of-2025-nfl-draft,Alabama,[],0.0,https://rolltide.com,"TEAM,Alabama",,2025-08-19 17:16:00.941862+00:00,0.0,1.0,1.0,0.0
Lavonte David Reports to 14th Buccaneers Training Camp,https://www.buccaneers.com/news/lavonte-david-reports-14th-buccaneers-training-camp,Buccaneers,[],0.0,https://www.buccaneers.com,"TEAM,Buccaneers",,2025-08-19 17:15:57.656809+00:00,0.0,1.0,1.0,0.0
Buccaneers Training Camp Viewing Guide,https://www.buccaneers.com/news/2025-buccaneers-training-camp-viewing-guide,Buccaneers,[],0.0,https://www.buccaneers.com,"TEAM,Buccaneers",,2025-08-19 17:15:57.656809+00:00,0.0,1.0,1.0,0.0
5 Bucs to Watch at Training Camp,https://www.buccaneers.com/news/5-bucs-to-watch-at-training-camp-2025,Buccaneers,[],0.0,https://www.buccaneers.com,"TEAM,Buccaneers",,2025-08-19 17:15:57.656809+00:00,0.0,1.0,1.0,0.0
2025 Bucs Lauded as Super Bowl Contenders by SI | Brianna's Blitz,https://www.buccaneers.com/news/2025-bucs-lauded-as-super-bowl-contenders-sports-illustrated-briannas-blitz,Buccaneers,[],0.0,https://www.buccaneers.com,"TEAM,Buccaneers",,2025-08-19 17:15:57.656809+00:00,0.0,1.0,1.0,0.0
Buccaneers Name Fellows For 2025 Training Camp,https://www.buccaneers.com/news/buccaneers-name-national-coaching-academy-fellows-2025-training-camp,Buccaneers,[],0.0,https://www.buccaneers.com,"TEAM,Buccaneers",,2025-08-19 17:15:57.656809+00:00,0.0,1.0,1.0,0.0
"Chris Godwin, Tristan Wirfs, Five Other Bucs to Start Camp on PUP/NFI Lists",https://www.buccaneers.com/news/chris-godwin-tristan-wirfs-five-other-bucs-start-camp-pup-nfi-lists,Buccaneers,[],0.0,https://www.buccaneers.com,"TEAM,Buccaneers",,2025-08-19 17:15:57.656809+00:00,0.0,1.0,1.0,0.0
"Buccaneers, Falcons Turning Back the Clock with Dual Throwbacks in Week 15",https://www.buccaneers.com/news/buccaneers-falcons-turning-back-clock-dual-throwbacks-week-15,Falcons,[],0.0,https://www.buccaneers.com,"TEAM,Buccaneers",,2025-08-19 17:15:57.656809+00:00,0.0,1.0,1.0,0.0
"Bucs Primed for Fifth-Straight Division Title Hunt, All-Quarter Century Nods | Brianna's Blitz",https://www.buccaneers.com/news/bucs-primed-fifth-straight-division-title-hunt-all-quarter-century-nods-briannas-blitz,Buccaneers,[],0.0,https://www.buccaneers.com,"TEAM,Buccaneers",,2025-08-19 17:15:57.656809+00:00,0.0,1.0,1.0,0.0
Rookie Check In | Bucs Blitz,https://www.buccaneers.com/news/rookie-check-in-bucs-blitz-training-camp-2025,Buccaneers,[],0.0,https://www.buccaneers.com,"TEAM,Buccaneers",,2025-08-19 17:15:57.656809+00:00,0.0,1.0,1.0,0.0
Baker Mayfield Expected Back When Bucs Return to Practice Tuesday,https://www.buccaneers.com/news/baker-mayfield-expected-back-when-bucs-return-practice-tuesday,Buccaneers,[],0.0,https://www.buccaneers.com,"TEAM,Buccaneers",,2025-08-19 17:15:57.656809+00:00,0.0,1.0,1.0,0.0
Young Defensive Backs Show Lockdown Potential | Bucs Blitz,https://www.buccaneers.com/news/young-defensive-backs-show-lockdown-potential-bucs-blitz,Buccaneers,[],0.0,https://www.buccaneers.com,"TEAM,Buccaneers",,2025-08-19 17:15:57.656809+00:00,0.0,1.0,1.0,0.0
"Bucs' Defense Has ""Smorgasbord"" of Slot Options | Updates",https://www.buccaneers.com/news/tampa-bay-buccaneers-news-july-updates-2025,Buccaneers,[],0.0,https://www.buccaneers.com,"TEAM,Buccaneers",,2025-08-19 17:15:57.656809+00:00,0.0,1.0,1.0,0.0
"Baker Mayfield On Defensive Mastermind Todd Bowles, Offensive Philosophy Under Josh Grizzard and more in Tampa Bay Via New Heights Podcast | Bucs Blitz",https://www.buccaneers.com/news/baker-mayfield-on-defensive-mastermind-todd-bowles-offensive-philosophy-under-josh-grizzard-more-tampa-bay-new-heights-podcast-bucs-blitz,Buccaneers,[],0.0,https://www.buccaneers.com,"TEAM,Buccaneers",,2025-08-19 17:15:57.656809+00:00,0.0,1.0,1.0,0.0
Bucs to Wear '76 Uniforms in Seattle Against Fellow 1976 Expansion Team,https://www.buccaneers.com/news/bucs-wear-76-uniforms-seattle-against-fellow-1976-expansion-team,Buccaneers,[],0.0,https://www.buccaneers.com,"TEAM,Buccaneers",,2025-08-19 17:15:57.656809+00:00,0.0,1.0,1.0,0.0
News & Notes: Tavius Robinson Emulates Ravens Legend Jarret Johnson,https://www.baltimoreravens.com/news/tavius-robinson-jarret-johnson-emulates-robert-longerbeam-news-notes-2025,Ravens,[],0.0,https://www.baltimoreravens.com,"TEAM,Ravens",,2025-08-19 17:15:58.101883+00:00,0.0,1.0,1.0,0.0
Late for Work: How the Ravens Have Become the Defining Team of the Quarter Century,https://www.baltimoreravens.com/news/ravens-best-team-quarter-century-david-ojabo-mike-green-tyler-loop-roster-secondary,Ravens,[],0.0,https://www.baltimoreravens.com,"TEAM,Ravens",,2025-08-19 17:15:58.101883+00:00,0.0,1.0,1.0,0.0
"News & Notes: Injury Updates on Adisa Isaac, Emery Jones Jr., and More Ravens",https://www.baltimoreravens.com/news/isaiah-likely-adisa-isaac-emery-jones-injury-updates-ravens-joe-flacco-john-harbaugh-nick-moore,Ravens,[],0.0,https://www.baltimoreravens.com,"TEAM,Ravens",,2025-08-19 17:15:58.101883+00:00,0.0,1.0,1.0,0.0
"2025 Opponent Preview: Buffalo Bills, Week 11",https://www.buccaneers.com/news/2025-opponent-preview-buffalo-bills-week-11-bucs,Bills,[],0.0,https://www.buccaneers.com,"TEAM,Buccaneers",,2025-08-19 16:53:29.123071+00:00,0.0,1.0,1.0,0.0
Late for Work: Analysts Say This Is the Ravens' Year,https://www.baltimoreravens.com/news/lamar-jackson-ravens-year-travis-jones-roquan-smith-linebacker-rankings,Ravens,[],0.0,https://www.baltimoreravens.com,"TEAM,Ravens",,2025-08-19 17:15:58.101883+00:00,0.0,1.0,1.0,0.0
How is the Bucs Defense Shaping Up for 2025?,https://www.buccaneers.com/news/how-is-bucs-defense-shaping-up-2025,Buccaneers,[],0.0,https://www.buccaneers.com,"TEAM,Buccaneers",,2025-08-19 17:15:57.656809+00:00,0.0,1.0,1.0,0.0
Bucs' Iconic 1976 Uniform Returning for Franchise's 50th Season,https://www.buccaneers.com/news/1976-jersey-returns-tampa-bay-buccaneers-50th-season,Buccaneers,[],0.0,https://www.buccaneers.com,"TEAM,Buccaneers",,2025-08-19 17:15:57.656809+00:00,0.0,1.0,1.0,0.0
How is the Bucs Offense Shaping up for 2025?,https://www.buccaneers.com/news/how-is-bucs-offense-shaping-up-2025,Buccaneers,[],0.0,https://www.buccaneers.com,"TEAM,Buccaneers",,2025-08-19 17:15:57.656809+00:00,0.0,1.0,1.0,0.0
Ravens Place Sixth-Round Pick Robert Longerbeam on Injured Reserve,https://www.baltimoreravens.com/news/robert-longerbeam-injured-reserve-training-camp-2025,Ravens,[],0.0,https://www.baltimoreravens.com,"TEAM,Ravens",,2025-08-19 17:15:58.101883+00:00,0.0,1.0,1.0,0.0
Michael Phelps Teaches the Ravens to Swim,https://www.baltimoreravens.com/news/michael-phelps-ravens-visit-teach-players-swim-training-camp,Ravens,[],0.0,https://www.baltimoreravens.com,"TEAM,Ravens",,2025-08-19 17:15:58.101883+00:00,0.0,1.0,1.0,0.0
Ravens and Commanders Mutually Cancel Joint Practice,https://www.baltimoreravens.com/news/ravens-commanders-cancel-joint-practice-training-camp-logistics-2025,Ravens,[],0.0,https://www.baltimoreravens.com,"TEAM,Ravens",,2025-08-19 17:15:58.101883+00:00,0.0,1.0,1.0,0.0
"How to Watch, Listen, Live Stream Ravens vs. Cowboys, Preseason Week 2",https://www.baltimoreravens.com/news/ravens-cowboys-watch-listen-live-stream-preseason-week-2-nfl,Ravens,[],0.0,https://www.baltimoreravens.com,"TEAM,Ravens",,2025-08-19 17:15:58.101883+00:00,0.0,1.0,1.0,0.0
Everything You Need to Know: Ravens vs. Cowboys,https://www.baltimoreravens.com/news/everything-you-need-to-know-ravens-cowboys-2025-preseason,Ravens,[],0.0,https://www.baltimoreravens.com,"TEAM,Ravens",,2025-08-19 17:15:58.101883+00:00,0.0,1.0,1.0,0.0
Game Recap: Ravens Rout Cowboys in Second Preseason Win,https://www.baltimoreravens.com/news/ravens-cowboys-preseason-game-recap-tyler-loop-cooper-rush-reuben-lowery-devontez-walker,Ravens,[],0.0,https://www.baltimoreravens.com,"TEAM,Ravens",,2025-08-19 17:15:58.101883+00:00,0.0,1.0,1.0,0.0
"Stock Report: Ravens vs. Cowboys, Preseason 2",https://www.baltimoreravens.com/news/ravens-stock-report-cowboys-dallas-preseason-2025,Ravens,[],0.0,https://www.baltimoreravens.com,"TEAM,Ravens",,2025-08-19 17:15:58.101883+00:00,0.0,1.0,1.0,0.0
Tyler Loop Officially Named Ravens' Kicker After Memorable Night,https://www.baltimoreravens.com/news/tyler-loop-named-ravens-kicker-memorable-night-dallas-homecoming,Ravens,[],0.0,https://www.baltimoreravens.com,"TEAM,Ravens",,2025-08-19 17:15:58.101883+00:00,0.0,1.0,1.0,0.0
News & Notes: Ravens' Culture Made Chidobe Awuzie 'Run Towards' Baltimore,https://www.baltimoreravens.com/news/john-harbaugh-chidobe-awuzie-jalyn-armour-daivs-ravens-training-camp,Ravens,[],0.0,https://www.baltimoreravens.com,"TEAM,Ravens",,2025-08-19 17:15:58.101883+00:00,0.0,1.0,1.0,0.0
"Rapid Reaction: Buccaneers 17, Steelers 14",https://www.buccaneers.com/news/bucs-win-pittsburgh-steelers-preason-week-2-score-17-14,Buccaneers,[],0.0,https://www.buccaneers.com,"TEAM,Buccaneers",,2025-08-19 17:15:57.656720+00:00,0.0,1.0,1.0,0.0
Bucs vs. Steelers Game Blog | Preseason Week 2 2025,https://www.buccaneers.com/news/bucs-vs-steelers-game-blog-preseason-week-2-2025,Buccaneers,[],0.0,https://www.buccaneers.com,"TEAM,Buccaneers",,2025-08-19 17:15:57.656809+00:00,0.0,1.0,1.0,0.0
5 Bucs to Watch Against the Steelers in Preseason Week Two,https://www.buccaneers.com/news/5-bucs-to-watch-against-steelers-preseason-week-two-2025,Buccaneers,[],0.0,https://www.buccaneers.com,"TEAM,Buccaneers",,2025-08-19 17:15:57.656809+00:00,0.0,1.0,1.0,0.0
Bucs Loaded WR Room Generates Excitement | Bucs Blitz,https://www.buccaneers.com/news/bucs-loaded-wr-room-generates-excitement-bucs-blitz,Buccaneers,[],0.0,https://www.buccaneers.com,"TEAM,Buccaneers",,2025-08-19 17:15:57.656809+00:00,0.0,1.0,1.0,0.0
"Bucs' Trip to Pittsburgh Like ""Old School Camp""",https://www.buccaneers.com/news/bucs-trip-pittsburgh-old-school-camp-2025,Buccaneers,[],0.0,https://www.buccaneers.com,"TEAM,Buccaneers",,2025-08-19 17:15:57.656809+00:00,0.0,1.0,1.0,0.0
"Bucs Sharp Early, Run Over Titans in Preseason Blowout",https://www.buccaneers.com/news/bucs-titans-preseason-week-1-recap-postgame-report,Buccaneers,[],0.0,https://www.buccaneers.com,"TEAM,Buccaneers",,2025-08-19 17:15:57.656809+00:00,0.0,1.0,1.0,0.0
Takeaways from Buccaneers-Titans | Preseason Opener,https://www.buccaneers.com/news/takeaways-from-buccaneers-titans-preseason-opener-2025,Buccaneers,[],0.0,https://www.buccaneers.com,"TEAM,Buccaneers",,2025-08-19 17:15:57.656809+00:00,0.0,1.0,1.0,0.0
"Nick Jackson's Jaw-Dropping INT, Cade Otton and Tez Johnson Return to Practice on Monday | Bucs Blitz",https://www.buccaneers.com/news/bucs-blitz-nick-jackson-jaw-dropping-int-cade-otton-and-tez-johnson-return-to-practice-monday,Buccaneers,[],0.0,https://www.buccaneers.com,"TEAM,Buccaneers",,2025-08-19 17:15:57.656809+00:00,0.0,1.0,1.0,0.0
Titans vs. Bucs Game Blog | Preseason Week 1 2025,https://www.buccaneers.com/news/titans-vs-bucs-game-blog-preseason-week-1-2025,Buccaneers,[],0.0,https://www.buccaneers.com,"TEAM,Buccaneers",,2025-08-19 17:15:57.656809+00:00,0.0,1.0,1.0,0.0
5 Bucs to Watch Against the Titans in Preseason Week One,https://www.buccaneers.com/news/5-bucs-to-watch-against-titans-preseason-week-one-2025,Buccaneers,[],0.0,https://www.buccaneers.com,"TEAM,Buccaneers",,2025-08-19 17:15:57.656809+00:00,0.0,1.0,1.0,0.0
"Rapid Reaction: Buccaneers 29, Titans 7",https://www.buccaneers.com/news/bucs-win-tennessee-titans-preason-week-1-score-29-7,Buccaneers,[],0.0,https://www.buccaneers.com,"TEAM,Buccaneers",,2025-08-19 17:15:57.656809+00:00,0.0,1.0,1.0,0.0
"Sliding Doors: Bucs, Teddy Bridgewater Join Forces Years Later",https://www.buccaneers.com/news/sliding-doors-bucs-teddy-bridgewater-join-forces-years-later-2025,Buccaneers,[],0.0,https://www.buccaneers.com,"TEAM,Buccaneers",,2025-08-19 17:15:57.656809+00:00,0.0,1.0,1.0,0.0
Tampa Bay Buccaneers Partner With PGT,https://www.buccaneers.com/news/tampa-bay-buccaneers-partner-pgt,Buccaneers,[],0.0,https://www.buccaneers.com,"TEAM,Buccaneers",,2025-08-19 17:15:57.656809+00:00,0.0,1.0,1.0,0.0
The Evolution of the Slot Receiver and its Effect on Bucs' Roster Makeup,https://www.buccaneers.com/news/the-evolution-of-the-slot-receiver-and-its-effect-on-bucs-roster-makeup,Buccaneers,[],0.0,https://www.buccaneers.com,"TEAM,Buccaneers",,2025-08-19 17:15:57.656809+00:00,0.0,1.0,1.0,0.0
Tampa Bay Buccaneers Partner with Hard Rock Bet as Official Sportsbook,https://www.buccaneers.com/news/tampa-bay-buccaneers-partner-hard-rock-bet-official-sportsbook,Buccaneers,[],0.0,https://www.buccaneers.com,"TEAM,Buccaneers",,2025-08-19 17:15:57.656809+00:00,0.0,1.0,1.0,0.0
Offseason Media Coverage Suggests Bucs are Underdogs No More,https://www.buccaneers.com/news/offseason-media-coverage-suggests-bucs-underdogs-no-more,Buccaneers,[],0.0,https://www.buccaneers.com,"TEAM,Buccaneers",,2025-08-19 17:15:57.656809+00:00,0.0,1.0,1.0,0.0
Bucs' Quest for More Takeaways Off to Fast Start,https://www.buccaneers.com/news/bucs-quest-more-takeaways-off-fast-start-2025,Buccaneers,[],0.0,https://www.buccaneers.com,"TEAM,Buccaneers",,2025-08-19 17:15:57.656809+00:00,0.0,1.0,1.0,0.0
Lighter Rachaad White Aims to Remain a Playmaker for Bucs,https://www.buccaneers.com/news/lighter-rachaad-white-aims-remain-playmaker-bucs,Buccaneers,[],0.0,https://www.buccaneers.com,"TEAM,Buccaneers",,2025-08-19 17:15:57.656809+00:00,0.0,1.0,1.0,0.0
"Falcons News Now: Highlights from team scrimmage, key prep for preseason game vs. Detroit Lions",https://www.atlantafalcons.com/news/falcons-news-now-highlights-team-scrimmage-preseason-detroit-lions,Falcons,[],0.0,https://www.atlantafalcons.com,"TEAM,Falcons",,2025-08-19 17:15:57.196456+00:00,0.0,1.0,1.0,0.0
"Falcons announce updates to personnel, coaching staffs",https://www.atlantafalcons.com/news/falcons-announce-updates-to-personnel-coaching-staffs,Falcons,[],0.0,https://www.atlantafalcons.com,"TEAM,Falcons",,2025-08-19 17:15:57.196456+00:00,0.0,1.0,1.0,0.0
Falcons Camp Report: Starters take center stage in team scrimmage,https://www.atlantafalcons.com/news/training-camp-report-scrimmage-michael-penix,Falcons,[],0.0,https://www.atlantafalcons.com,"TEAM,Falcons",,2025-08-19 17:15:57.196456+00:00,0.0,1.0,1.0,0.0
Storylines to watch as Falcons host Titans for joint practices,https://www.atlantafalcons.com/news/falcons-titans-joint-practice-storylines,Falcons,[],0.0,https://www.atlantafalcons.com,"TEAM,Falcons",,2025-08-19 17:15:57.196456+00:00,0.0,1.0,1.0,0.0
Top individual matchups to watch in Falcons-Titans joint practices,https://www.atlantafalcons.com/news/top-individual-matchups-falcons-titans-joint-practices,Falcons,[],0.0,https://www.atlantafalcons.com,"TEAM,Falcons",,2025-08-19 17:15:57.196456+00:00,0.0,1.0,1.0,0.0
"Falcons Camp Report: Jalon Walker, James Pearce Jr. reflect on preseason debut",https://www.atlantafalcons.com/news/training-camp-report-bralen-trice-jalon-walker-james-pearce,Falcons,[],0.0,https://www.atlantafalcons.com,"TEAM,Falcons",,2025-08-19 17:15:57.196456+00:00,0.0,1.0,1.0,0.0
Game Breakdown: What happened in Falcons' preseason opener,https://www.atlantafalcons.com/news/game-breakdown-atlanta-falcons-detriot-lions-preseason,Falcons,[],0.0,https://www.atlantafalcons.com,"TEAM,Falcons",,2025-08-19 17:15:57.196456+00:00,0.0,1.0,1.0,0.0
Where to watch Detroit Lions vs. Atlanta Falcons,https://www.atlantafalcons.com/news/where-to-watch-detroit-lions-vs-atlanta-falcons,Falcons,[],0.0,https://www.atlantafalcons.com,"TEAM,Falcons",,2025-08-19 17:15:57.196456+00:00,0.0,1.0,1.0,0.0
Takeaways from Buccaneers-Steelers | Preseason Week Two,https://www.buccaneers.com/news/takeaways-from-buccaneers-steelers-preseason-week-two,Buccaneers,[],0.0,https://www.buccaneers.com,"TEAM,Buccaneers",,2025-08-19 17:15:57.656720+00:00,0.0,1.0,1.0,0.0
"Bucs Land No.1 Seed in SI's Final Record Predictions, Emphasis on Character Leads to Success for Jason Licht and More | Bucs Blitz",https://www.buccaneers.com/news/bucs-land-no-1-seed-in-si-final-record-predictions-emphasis-on-character-leads-to-success-jason-licht-and-more-bucs-blitz,Buccaneers,[],0.0,https://www.buccaneers.com,"TEAM,Buccaneers",,2025-08-19 17:15:57.656637+00:00,0.0,1.0,1.0,0.0
Falcons rookies expected to play in first preseason game vs. Detroit Lions,https://www.atlantafalcons.com/news/falcons-rookies-preseason-game-detroit-lions-jalon-walker-xavier-watts,Falcons,[],0.0,https://www.atlantafalcons.com,"TEAM,Falcons",,2025-08-19 17:15:57.196456+00:00,0.0,1.0,1.0,0.0
Bucs Set to Unveil Top 50 Players in Franchise History | 50 Seasons,https://www.buccaneers.com/news/tampa-bay-to-unveil-top-50-players-franchise-history-50-seasons,Buccaneers,[],0.0,https://www.buccaneers.com,"TEAM,Buccaneers",,2025-08-19 17:15:57.656720+00:00,0.0,1.0,1.0,0.0
"Bucs Beat Steelers, 17-14, After Starters Produce 14-0 Lead",https://www.buccaneers.com/news/bucs-steelers-preseason-week-2-recap-postgame-report,Buccaneers,[],0.0,https://www.buccaneers.com,"TEAM,Buccaneers",,2025-08-19 17:15:57.656720+00:00,0.0,1.0,1.0,0.0
Quick Learner Teddy Bridgewater Found a Comfort Zone in Bucs Debut,https://www.buccaneers.com/news/quick-learner-teddy-bridgewater-found-comfort-zone-bucs-debut,Buccaneers,[],0.0,https://www.buccaneers.com,"TEAM,Buccaneers",,2025-08-19 17:15:57.656720+00:00,0.0,1.0,1.0,0.0
Movers and shakers from Falcons' second preseason game vs. Tennessee Titans,https://www.atlantafalcons.com/news/movers-shakers-falcons-preseason-nathan-carter-david-sills,Falcons,[],0.0,https://www.atlantafalcons.com,"TEAM,Falcons",,2025-08-19 17:15:57.196361+00:00,0.0,1.0,1.0,0.0
Nathan Carter providing spark for Falcons' ground game in preseason,https://www.atlantafalcons.com/news/nathan-carter-running-back-roster-tennessee-titans,Falcons,[],0.0,https://www.atlantafalcons.com,"TEAM,Falcons",,2025-08-19 17:15:57.196361+00:00,0.0,1.0,1.0,0.0
Where to watch Tennessee Titans vs. Atlanta Falcons,https://www.atlantafalcons.com/news/tennessee-titans-preseason-tv-radio-broadcast,Falcons,[],0.0,https://www.atlantafalcons.com,"TEAM,Falcons",,2025-08-19 17:15:57.196361+00:00,0.0,1.0,1.0,0.0
Game Breakdown: What happened in Titans vs. Falcons,https://www.atlantafalcons.com/news/game-breakdown-titans-falcons-final-score,Falcons,[],0.0,https://www.atlantafalcons.com,"TEAM,Falcons",,2025-08-19 17:15:57.196361+00:00,0.0,1.0,1.0,0.0
"Falcons News Now: Highlights from joint practices, key prep for preseason game vs. Tennessee Titans",https://www.atlantafalcons.com/news/falcons-news-now-joint-practice-tennessee-titans-michael-penix-cam-ward,Falcons,[],0.0,https://www.atlantafalcons.com,"TEAM,Falcons",,2025-08-19 17:15:57.196361+00:00,0.0,1.0,1.0,0.0
Falcons Mailbag: What was there to glean throughout Falcons joint practices with Titans?,https://www.atlantafalcons.com/news/falcons-mailbag-joint-practice-tennessee-titans-jalon-walker-james-pearce,Falcons,[],0.0,https://www.atlantafalcons.com,"TEAM,Falcons",,2025-08-19 17:15:57.196361+00:00,0.0,1.0,1.0,0.0
Falcons Camp Report: Standouts from strong first joint practice vs. Titans,https://www.atlantafalcons.com/news/training-camp-joint-practice-atlanta-falcons-tennessee-titans,Falcons,[],0.0,https://www.atlantafalcons.com,"TEAM,Falcons",,2025-08-19 17:15:57.196456+00:00,0.0,1.0,1.0,0.0
Falcons Camp Report: Joint practices conclude on competitive note,https://www.atlantafalcons.com/news/falcons-joint-practices-tennessee-titans-cam-ward-michael-penix,Falcons,[],0.0,https://www.atlantafalcons.com,"TEAM,Falcons",,2025-08-19 17:15:57.196456+00:00,0.0,1.0,1.0,0.0
"Five things to know about the New Orleans Saints for Sunday, August 17",https://www.neworleanssaints.com/news/five-things-know-new-orleans-saints-vs-jacksonville-jaguars-nfl-preseason-news-sunday-august-17-2025,Saints,[],0.0,https://www.neworleanssaints.com,"TEAM,Saints",,2025-08-19 17:15:56.851863+00:00,0.0,1.0,1.0,0.0
Falcons Camp Report: Roster battles in spotlight during final week of preseason practice,https://www.atlantafalcons.com/news/training-camp-report-practice-dallas-cowboys,Falcons,[],0.0,https://www.atlantafalcons.com,"TEAM,Falcons",,2025-08-19 17:15:57.195278+00:00,0.0,1.0,1.0,0.0
"Jaguars vs. Saints: How to Watch, Listen, Stream 8/17/2025",https://www.neworleanssaints.com/news/jacksonville-jaguars-vs-new-orleans-saints-game-how-to-watch-listen-stream-tv-channel-radio-8-17-2025,Saints,[],0.0,https://www.neworleanssaints.com,"TEAM,Saints",,2025-08-19 17:15:56.852863+00:00,0.0,1.0,1.0,0.0
Column: Injuries may complicate Falcons' forthcoming roster decisions,https://www.atlantafalcons.com/news/column-injuries-make-for-difficult-roster-decisions-ahead,Falcons,[],0.0,https://www.atlantafalcons.com,"TEAM,Falcons",,2025-08-19 17:15:57.195278+00:00,0.0,1.0,1.0,0.0
Game Preview: Jaguars vs. Saints | 2025 NFL Preseason Week 2,https://www.neworleanssaints.com/news/jacksonville-jaguars-vs-new-orleans-saints-game-preview-2025-nfl-preseason-week-2-series-history-stats-connections,Saints,[],0.0,https://www.neworleanssaints.com,"TEAM,Saints",,2025-08-19 17:15:56.851863+00:00,0.0,1.0,1.0,0.0
Former Saint Latavius Murray fondly reflects on seasons in New Orleans,https://www.neworleanssaints.com/news/latavius-murray-retirement-fondly-reflects-on-seasons-in-new-orleans-saints-former-running-back,Saints,[],0.0,https://www.neworleanssaints.com,"TEAM,Saints",,2025-08-19 17:15:56.851863+00:00,0.0,1.0,1.0,0.0
Morning Break: Saints prepare for Jaguars in home preseason debut,https://www.neworleanssaints.com/news/morning-break-saints-jaguars-preseason-debut-new-orleans-news-headlines-8-16-25,Saints,[],0.0,https://www.neworleanssaints.com,"TEAM,Saints",,2025-08-19 17:15:56.851863+00:00,0.0,1.0,1.0,0.0
"Five things to know about the New Orleans Saints for Saturday, August 16",https://www.neworleanssaints.com/news/five-things-know-new-orleans-saints-training-camp-news-saturday-august-16-2025,Saints,[],0.0,https://www.neworleanssaints.com,"TEAM,Saints",,2025-08-19 17:15:56.851863+00:00,0.0,1.0,1.0,0.0
"Morning Break: Saints fight to the end, finish in tie with Jaguars",https://www.neworleanssaints.com/news/morning-break-saints-fight-to-end-jaguars-preseason-tie-new-orleans-news-headlines-monday-8-18-2025,Saints,[],0.0,https://www.neworleanssaints.com,"TEAM,Saints",,2025-08-19 17:15:56.851863+00:00,0.0,1.0,1.0,0.0
"Postgame Quotes: New Orleans Saints 17, Jacksonville Jaguars 17 | 2025 NFL Preseason Week 1",https://www.neworleanssaints.com/news/2025-nfl-preseason-week-2-new-orleans-saints-jacksonville-jaguars-postgame-quotes,Saints,[],0.0,https://www.neworleanssaints.com,"TEAM,Saints",,2025-08-19 17:15:56.851863+00:00,0.0,1.0,1.0,0.0
Game notes: New Orleans Saints vs. Jacksonville Jaguars | 2025 NFL Preseason Week 2,https://www.neworleanssaints.com/news/2025-nfl-preseason-week-2-new-orleans-saints-jacksonville-jaguars-game-notes,Saints,[],0.0,https://www.neworleanssaints.com,"TEAM,Saints",,2025-08-19 17:15:56.851863+00:00,0.0,1.0,1.0,0.0
Key Takeaways from New Orleans Saints vs Jaguars | 2025 NFL Preseason Week 2,https://www.neworleanssaints.com/news/2025-nfl-preseason-week-2-new-orleans-saints-jacksonville-jaguars-key-takeaways,Saints,[],0.0,https://www.neworleanssaints.com,"TEAM,Saints",,2025-08-19 17:15:56.851863+00:00,0.0,1.0,1.0,0.0
"New Orleans Saints rally late, produce 17-17 tie against Jacksonville in preseason home opener",https://www.neworleanssaints.com/news/new-orleans-saints-rally-late-produce-17-17-tie-against-jacksonville-in-preseason-home-opener,Saints,[],0.0,https://www.neworleanssaints.com,"TEAM,Saints",,2025-08-19 17:15:56.851863+00:00,0.0,1.0,1.0,0.0
"Game recap: New Orleans Saints 17, Jacksonville Jaguars 17  | 2025 NFL Preseason Week 2",https://www.neworleanssaints.com/news/2025-nfl-preseason-week-2-new-orleans-saints-jacksonville-jaguars-game-recap,Saints,[],0.0,https://www.neworleanssaints.com,"TEAM,Saints",,2025-08-19 17:15:56.851863+00:00,0.0,1.0,1.0,0.0
"Halftime update: Jacksonville Jaguars 17, New Orleans Saints 3 | 2025 NFL Preseason Week 2",https://www.neworleanssaints.com/news/2025-nfl-preseason-week-2-new-orleans-saints-vs-jacksonville-jaguars-halftime-update,Saints,[],0.0,https://www.neworleanssaints.com,"TEAM,Saints",,2025-08-19 17:15:56.851863+00:00,0.0,1.0,1.0,0.0
"Five things to know about the New Orleans Saints for Monday, August 18",https://www.neworleanssaints.com/news/five-things-know-new-orleans-saints-training-camp-news-monday-august-18-2025,Saints,[],0.0,https://www.neworleanssaints.com,"TEAM,Saints",,2025-08-19 17:15:56.851863+00:00,0.0,1.0,1.0,0.0
r/CFB 8 years ago on LSU promoting Ed Orgeron to Head Coach,https://www.reddit.com/r/CFB/comments/1muhxvf/rcfb_8_years_ago_on_lsu_promoting_ed_orgeron_to/,LSU,[],0.0,https://www.reddit.com,"Reddit,CFB",,2025-08-19 17:15:56.423296+00:00,0.0,1.0,1.0,0.0
"Five things to know about the New Orleans Saints for Tuesday, August 19",https://www.neworleanssaints.com/news/five-things-know-new-orleans-saints-training-camp-news-tuesday-august-19-2025,Saints,[],0.0,https://www.neworleanssaints.com,"TEAM,Saints",,2025-08-19 17:15:56.851863+00:00,0.0,1.0,1.0,0.0
2026 5* RB Savion Hiter commits to Michigan,https://www.reddit.com/r/CFB/comments/1mulkkn/2026_5_rb_savion_hiter_commits_to_michigan/,Michigan,[],0.0,https://www.reddit.com,"Reddit,CFB",,2025-08-19 17:15:56.423296+00:00,0.0,1.0,1.0,0.0
[On3] Ohio State has officially named Julian Sayin as their starting QB.,https://www.reddit.com/r/CFB/comments/1mtpiex/on3_ohio_state_has_officially_named_julian_sayin/,Ohio State,[],0.0,https://www.reddit.com,"Reddit,CFB",,2025-08-19 17:15:56.423296+00:00,0.0,1.0,1.0,0.0
From 'KGB' to Central Michigan: What we learned from the Michigan report,https://www.espn.com/college-football/story/_/id/45989910/college-football-michigan-ncaa-punishment-report-learned,Michigan,[],0.0,https://www.espn.com,"ESPN,CFB",,2025-08-19 17:15:55.916739+00:00,0.0,1.0,1.0,0.0
Ohio State names Sayin starting QB vs. Texas,https://www.espn.com/college-football/story/_/id/46008863/ohio-state-names-second-year-player-julian-sayin-starting-qb,Ohio State,[],0.0,https://www.espn.com,"ESPN,CFB",,2025-08-19 17:15:55.916739+00:00,0.0,1.0,1.0,0.0
"Hiter, No. 2 RB prospect in '26, chooses Michigan",https://www.espn.com/college-football/story/_/id/46016505/michigan-secures-commitment-no-2-rb-prospect-savion-hiter,Michigan,[],0.0,https://www.espn.com,"ESPN,CFB",,2025-08-19 17:15:55.916739+00:00,0.0,1.0,1.0,0.0
🏈 Inside the hidden costs of football: '88 Saints,https://www.espn.com/espn/feature/story/_/id/45530969/1988-saints-brotherhood-nfl,Saints,[],0.0,https://www.espn.com,"ESPN,NFL",,2025-08-19 16:53:27.252494+00:00,0.0,1.0,1.0,0.0
